<?xml version="1.0" encoding="UTF-8"?>
<beans xmlns="http://www.springframework.org/schema/beans"
	xmlns:xsi="http://www.w3.org/2001/XMLSchema-instance" xmlns:p="http://www.springframework.org/schema/p"
	xmlns:context="http://www.springframework.org/schema/context"
	xmlns:aop="http://www.springframework.org/schema/aop" xmlns:tx="http://www.springframework.org/schema/tx"
	xsi:schemaLocation="
        http://www.springframework.org/schema/beans 
        http://www.springframework.org/schema/beans/spring-beans-3.2.xsd
        http://www.springframework.org/schema/context 
        http://www.springframework.org/schema/context/spring-context-3.2.xsd
        http://www.springframework.org/schema/tx
        http://www.springframework.org/schema/tx/spring-tx-3.2.xsd
        http://www.springframework.org/schema/aop
        http://www.springframework.org/schema/aop/spring-aop-3.2.xsd">
	<import resource="classpath:/mysql/mysql-props.xml" />
	<!-- 统计实时数据库 -->
	<bean id="realtimeDataSource" class="org.apache.commons.dbcp.BasicDataSource"
		destroy-method="close">
		<property name="driverClassName">
			<value>com.mysql.jdbc.Driver</value>
		</property>
		<property name="url">
			<value>${realtime.linkurl}</value>
		</property>
		<property name="username">
			<value>${realtime.user}</value>
		</property>
		<property name="password">
			<value>${realtime.password}</value>
		</property>
		<property name="maxActive">
			<value>40</value>
		</property>
		<property name="maxIdle">
			<value>5</value>
		</property>
		<property name="maxWait">
			<value>10000</value>
		</property>
		<property name="testOnBorrow">
			<value>true</value>
		</property>
		<property name="validationQuery">
			<value>select 1</value>
		</property>
	</bean>

	<bean id="realtimeJt" class="org.springframework.jdbc.core.JdbcTemplate">
		<property name="dataSource" ref="realtimeDataSource" />
	</bean>
</beans>
