<?xml version="1.0" encoding="UTF-8"?>
<beans xmlns="http://www.springframework.org/schema/beans"
	xmlns:xsi="http://www.w3.org/2001/XMLSchema-instance" xmlns:p="http://www.springframework.org/schema/p"
	xmlns:context="http://www.springframework.org/schema/context"
	xmlns:aop="http://www.springframework.org/schema/aop" xmlns:tx="http://www.springframework.org/schema/tx"
	xsi:schemaLocation="
        http://www.springframework.org/schema/beans 
        http://www.springframework.org/schema/beans/spring-beans-3.2.xsd
        http://www.springframework.org/schema/context 
        http://www.springframework.org/schema/context/spring-context-3.2.xsd
        http://www.springframework.org/schema/tx
        http://www.springframework.org/schema/tx/spring-tx-3.2.xsd
        http://www.springframework.org/schema/aop
        http://www.springframework.org/schema/aop/spring-aop-3.2.xsd">
	<bean id="cmdBlockingQueue" class="java.util.concurrent.ArrayBlockingQueue">
		<constructor-arg>
			<value>100</value>
		</constructor-arg>
	</bean>

	<bean id="refreshCmdAdder" class="com.voole.hobbit.cache.RefreshCmdAdder">
		<property name="blockingQueue" ref="cmdBlockingQueue" />
	</bean>

	<bean id="testCmdAdder"
		class="org.springframework.scheduling.quartz.MethodInvokingJobDetailFactoryBean">
		<property name="targetObject" ref="refreshCmdAdder" />
		<property name="targetMethod" value="add" />
		<property name="concurrent" value="false" />
		<property name="arguments">
			<array>
				<value>all</value>
			</array>
		</property>
	</bean>

	<bean id="testCmdAdderTrigger" class="org.springframework.scheduling.quartz.CronTriggerBean">
		<property name="jobDetail" ref="testCmdAdder" />
		<property name="cronExpression" value="0/10 * * * * ?" />
	</bean>

	<bean class="org.springframework.scheduling.quartz.SchedulerFactoryBean">
		<property name="triggers">
			<ref bean="testCmdAdderTrigger" />
		</property>
	</bean>
</beans>
